,,,,Contact Information,,,,,,,,,,,,,,,Link Checks: Domain Level,,,Link Checks: URL Level,,Link Checks: Spam,,Final Check,,,,,,,,,
independent.ng,Generic,"Entertainment, Sports, Business, Politics",$97,opinion@independentnig.com
julius.ai,Tech,"Tech, Seo/Marketing, AI",$16,rahul@julius.ai
thebestof.co.uk,Business,Business,$20,support@thebestof.co.uk
observervoice.com,Generic,"Business, Tech, Art/Science, Sports",$56,info@observervoice.com
decaturdaily.com,Generic,"Sports, Automotive",$113,jean.cole@decaturdaily.com
atalayar.com,,,$135,atalayar@atalayar.com
letterboxd.com,Entertainment,"Lifestyle/Culture, Entertainment",$20,hello@letterboxd.com
analitica.com,Generic,"Sports, Business, Lifestyle/Culture, Health, Tech",$49,roberto@analitica.com
dnnsoftware.com,Tech,"Business, Tech, SEO/Marketing",$75,sales@dnnsoftware.com
friulioggi.it,Generic,"Business, Health, Sports",$149,info@arearea.it
cookswellwithothers.com,Generic,"Entertainment, Lifestyle/Culture, Generic, Food, Health",$16,
yenihaberden.com,Generic,"Business, Sports",$57,haber@yenihaberden.com
francobuzz.fr,,"Entertainment, Tech, Lifestyle/Culture",$28,
findatherapy.org,Health,"Outdoors, Environment, Pet, Health, Parenting, Home/Real Estate",$22,info@findatherapy.org
manilatimes.net,Generic,"Business, Sports, Entertainment, Lifestyle/Culture",$66,kaycalpolugtu@gmail.com
northshoremums.com.au,Generic,"Parenting, Home/Real Estate, Lifestyle/Culture",$37,editor@northshoremums.com.au
vitalmx.com,Generic,Sports,$90,mlindsay@vitalmx.com
startupnation.com,Business,"Business, Art/Science",$17,karen@ariaventures.com
iasdetails.com,Generic,"Business, Tech, Lifestyle/Culture",$34,dhawallmart@gmail.com
prettyfluffy.com,Generic,"Outdoors, Environment, Pet, Parenting, Home/Real Estate",$148,advertise@prettyfluffy.com
rutlandherald.com,Generic,"Lifestyle/Culture, Sports",$127,keri.franzoni@rutlandherald.com
telegrupos.com.br,Generic,"Tech, Lifestyle/Culture, Sports",$45,contato@telegrupos.com.br
citybiz.co,Generic,"Business, Finance/Insurance, Home/Real Estate",$97,edwin.warfield@citybizlist.com
saaspirate.com,Tech,Tech,$60,delon@saaspirate.com
unccelearn.org,Environment,"Business, Education, Environment",$22,info@unccelearn.org
kaggle.com,Tech,"Tech, AI",$16,anna@kaggle.com
thehomeytrotters.com,Generic,"Business, Tech, Lifestyle/Culture",$20,
pluginongkoskirim.com,Business,Business,$45,admin@pluginongkoskirim.com
kymkemp.com,Generic,"Lifestyle/Culture, Travel",$18,hedvic1962@gmail.com
paisleyautocare.co.uk,Automotive,"Finance/Insurance, Sports",$75,paisleyautocare@gmail.com
moodle.polymtl.ca,Generic,"Education, Sports",$52,ke.wu@polymtl.ca
familie.pl,,"Parenting, Home/Real Estate, Lifestyle/Culture",$149,dziecka@pixabay.com
cretech.com,Tech,"Business, Tech",$60,shauna@cretech.com
thebarbellspin.com,Sports,Sports,$22,info@thebarbellspin.com
ver-o-fato.com.br,,"Parenting, Home/Real Estate, Sports",$57,pessoa_fatima@hotmail.com
artdependence.com,,"Art/Science, Lifestyle/Culture",$97,dirk@artdependence.com
create.kahoot.it,Gaming,Gaming,$17,
sbnation.com,Sports,Sports,$149,jeremiah.oshan@sbnation.com
celebrebuzz.com,,"Art/Science, Entertainment, Lifestyle/Culture, Generic",$26,WebTechGlob Team
indianagazette.com,Generic,"Lifestyle/Culture, Sports",$146,phillystreetgreens@gmail.com
instander-official.com,,Tech,$17,thedise@instander-official.com
elegircarrera.net,,Education,$67,info@elegircarrera.net
findaspring.org,,"Beauty/Fashion, Finance/Insurance, Tech",$22,pikiteg797@luravel.com
nightfallgroup.com,Travel,Travel,$148,marketing@nightfallgroup.com
codeberg.org,Generic,"Outdoors, Environment, Pet, Business, Tech",$17,juliangmp@protonmail.com
globemedianews.com,Generic,"Business, Lifestyle/Culture, Finance/Insurance",$20,
leaderonomics.com,Generic,"Business, Finance/Insurance",$58,timothy.kok@leaderonomics.com
fanspo.com,Sports,"Law, Sports",$16,support@fanspo.com
alertadigital.com,,Business,$149,contacto@alertadigital.com
mallorca-services.es,,,$99,info@mallorca-services.es
pokijeux.fr,,"Business, Tech, Lifestyle/Culture",$27,saifasad2327@gmail.com
blog.udn.com,,Lifestyle/Culture,$22,udnmembers@udn.com
henryharvin.com,Education,"Education, Tech",$112,lttc@teachenglish.co.uk
online.swtafe.vic.edu.au,,"Business, Education, Sports",$37,
globalhealthcaremagazine.com,Health,"Health, Tech",$67,info@globalhealthcaremagazine.com
enauczanie.pg.edu.pl,,"Education, Tech",$32,jerzy.wtorek@pg.edu.pl
natchezdemocrat.com,Generic,"Sports, Lifestyle/Culture",$98,ben.hillyer@natchezdemocrat.com
signupgenius.com,Business,"Business, Entertainment, Tech",$22,deweesislandartscouncil@gmail.com
rpgfan.com,Gaming,"Entertainment, Lifestyle/Culture",$45,liz@rpgfan.com
sasquatchchronicles.com,Entertainment,"Entertainment, Lifestyle/Culture, Generic, Art/Science",$112,wes@sasquatchchronicles.com
hackster.io,Tech,"Art/Science, Tech, Lifestyle/Culture, Entertainment",$22,universal_exports@arcor.de
jewishboston.com,Generic,"Education, Food, Lifestyle/Culture",$37,fnamir@gmail.com
todotaxi.org,Automotive,Automotive,$88,info@todotaxi.org
realpolitik.com.ar,,,$112,prensa.embajadaazerbaiyan@gmail.com
bravado.co,,"Business, Entertainment, Lifestyle/Culture, Generic, Sports",$17,hello@bravado.co
ganggreennation.com,Sports,Sports,$58,arun7989@yahoo.com
seostudio.tools,,,$104,
aydinpost.com,,,$104,info@aydinpost.com
the-baddiehub.com,Generic,"Lifestyle/Culture, Beauty/Fashion",$17,aiancora@ybbr.de
gayvoyageur.com,,Travel,$35,matinsbleus14@wanadoo.fr
infoplatense.com.ar,,Business,$57,comercial@infoplatense.com.ar
alpinevalleyresort.com,Travel,"Sports, Travel",$17,avryr@alpinevalleyresort.com
allabouttrh.com,Entertainment,"Beauty/Fashion, Lifestyle/Culture",$22,roxanne@allabouttrh.com
coworkingfy.com,,Business,$102,hello@joseanwebs.com
terkini.id,,Business,$104,redaksi@terkini.id
thecelebrays.com,,"Business, Finance/Insurance, Sports",$17,john@gmial.com
packinsider.com,Sports,Sports,$17,packinsider@gmail.com
procreator.design,Tech,"Business, Tech",$131,kunal.mehta@procreator.design
aniversarywishers.com,Generic,"Health, Home/Real Estate, Tech, Travel, Beauty/Fashion, Education, Automotive, Law",$27,BacklinkExplore
schooldekho.org,,"Education, Finance/Insurance, Sports",$42,info@schooldekho.org
ki24.info,,Finance/Insurance,$70,kontakt@ki24.info
michiganscouting.org,Generic,"Outdoors, Parenting",$26,international@michiganscouting.org
restaurant-villabellerive.fr,,Finance/Insurance,$137,
ev.com,Automotive,Automotive,$149,andy.levine@ev.com
weserradweg-info.de,,"Lifestyle/Culture, Travel",$32,presse@weserradweg-info.de
le-blog-techno.fr,,Tech,$75,
revfine.com,Travel,Travel,$90,
play-experience.com,,"Art/Science, Sports",$100,info@play-experience.com
dearauthor.com,Generic,Generic,$15,janine@dearauthor.com
portsmouth-dailytimes.com,Generic,,$119,chriscooley40@gmail.com
howmany-ofme.com,Generic,Generic,$26,
how2invest.mx,,"Business, Finance/Insurance, Sports",$24,
ticketbud.com,,"Tech, Travel",$20,tom@ticketbud.com
photosking.net,,"Entertainment, Lifestyle/Culture",$37,
popgeeks.com,,"Sports, Lifestyle/Culture",$22,news@popgeeks.com
yurtgazetesi.com.tr,,"Business, Law",$149,bilal.baser@yurtgazetesi.com.tr
bibleaura.com,,"Entertainment, Tech, Lifestyle/Culture",$27,
savvycomsoftware.com,,"Business, Tech",$75,job@savvycomsoftware.com
corrierepl.it,,"Business, Sports",$134,elenamanigrasso@virgilio.it
sinovision.net,,"Business, Lifestyle/Culture",$75,dongchen@sinovision.net
loganbanner.com,,"Outdoors, Sports",$149,dvidovich@hdmediallc.com
menubly.com,,"Business, Tech",$148,support@menubly.com
ayojakarta.com,,"Entertainment, Tech",$148,marketing@ayomedia.com
jamelizz.com,,"Health, Tech, Lifestyle/Culture",$45,W3 Web Rank
techdream24.com,,"Entertainment, Food, Tech",$34,
uploadarticle.net,,"Entertainment, Tech, Lifestyle/Culture",$17,
creative-city-berlin.de,,"Education, Finance/Insurance, Tech",$21,m.seifart@kulturprojekte-berlin.de
zryly.net,,Tech,$27,
mavsmoneyball.com,,Sports,$63,metterobertson@gmail.com
samsunsonhaber.com,,"Business, Parenting, Home/Real Estate",$45,mustafa.bilik@samsunsonhaber.com
klkntv.com,,Sports,$149,ksimon@klkntv.com
ians.in,,"Business, Tech",$41,nishant.a@ians.in
movierulz.us.com,,Entertainment,$64,
vitrinhaber.com,,Sports,$49,info@vitrinhaber.com
homify.co.za,,"Parenting, Home/Real Estate",$22,
gumroad.com,,"Education, Lifestyle/Culture, Entertainment",$22,support@gumroad.com
jatimnetwork.com,,"Food, Travel",$119,
haberdenizli.com,,"Outdoors, Environment, Pet",$27,nmeydanacimis@pau.edu.tr
startbusinesswire.com,,"Business, Finance/Insurance, Seo/Marketing",$107,info@startbusinesswire.com
virtual.unju.edu.ar,,"Entertainment, Environment",$60,seu@unju.edu.ar
fanfan.es,,"Outdoors, Environment, Pet, Lifestyle/Culture, Entertainment, Sports",$119,entretenimiento@fanfan.es
thebizintern.com,,"Business, Finance/Insurance",$90,hello@thebizintern.com
resumementor.com,,"Lifestyle/Culture, Entertainment",$112,david.clark@resumementor.com
influencersgonewilds.org,,"Business, Health, Tech",$27,
myfastbroker.net,,"Business, Finance/Insurance, Tech",$25,admin@myfastbroker.net
turismo.eu,,"Finance/Insurance, Sports, Travel",$127,info@turismo.eu
shayariskill.com,,"Lifestyle/Culture, Entertainment",$26,team@rankeey.com
hrmsglobex.com,,"Business, Tech",$26,
techslassh.com,,"Health, Tech, Lifestyle/Culture",$20,
cake.me,,"Business, Entertainment, Lifestyle/Culture, Generic, Tech",$16,reza.adrian@gmail.com
tourenplaner-rheinland-pfalz.de,,"Food, Travel",$32,tourist@graefensteiner-land.de
pontaporainforma.com.br,,,$90,josealbertovasco@yahoo.com.br
metamandrill.com,,Tech,$104,martijn@metamandrill.com
shayargyan.com,,"Lifestyle/Culture, Tech",$34,thori1095@gmail.com
creaminstaller.com,,"Entertainment, Tech",$20,
delphiforums.com,,"Business, Law",$18,christar@delphiforums.com
illustratemagazine.com,,"Food, Lifestyle/Culture, Entertainment, Sports",$49,contact@illustratemagazine.com
boat-alert.com,,"Finance/Insurance, Sports",$99,dealers@boat-alert.com
agrigentooggi.it,,"Business, Lifestyle/Culture",$67,info@calamanbru.com
dailyblessinghub.com,,"Business, Education",$21,info@dailyblessinghub.com
kocaeligazetesi.com.tr,,"Business, Lifestyle/Culture",$116,kocaeligazetesi@kocaeligazetesi.com.tr
educationaddawithdileep.com,,"Business, Finance/Insurance, Travel",$43,
eternal-expat.com,,"Entertainment, Lifestyle/Culture, Generic, Food, Travel",$27,laura@eternal-expat.com
horrornewsnetwork.net,,Sports,$17,
5gworldpro.com,,Education,$119,mohamed.idrissi@5gworldpro.com
crowjack.com,,Business,$90,jessicarobinson@crowjack.com
petsitters.org,,"Outdoors, Environment, Pet, Education",$41,napps@petsitters.org
decoratoradvice.us,,"Parenting, Home/Real Estate",$30,
camp-fire.jp,,"Finance/Insurance, Tech",$28,jreast@camp-fire.jp
denverstiffs.com,,Sports,$58,ntimmons73@yahoo.com
exceltip.com,,"Business, Tech, Seo/Marketing",$75,smirfanulla@gmail.com
obrag.org,,Business,$17,oldstanzbiz@yahoo.com
sernexuss.com,,"Finance/Insurance, Sports, Travel",$94,info@sernexuss.com
sibiuindependent.ro,,Travel,$73,sibiuindependent@gmail.com
dialmenow.in,,Business,$38,monu@dialmenow.in
toffeeshare.org,,"Business, Tech",$20,
halaltrip.com,,"Lifestyle/Culture, Food, Travel",$22,nurhazirah@halaltrip.com
gsmland.ro,,"Entertainment, Tech",$69,contact@gsmland.ro
abrahamquirosvillalba.com,,"Business, Environment, Tech",$60,abraham@authorityventures.com
inflearn.com,,Tech,$22,hellojoyworldz@gmail.com
iphon.fr,,Finance/Insurance,$16,news@iphon.fr
sgmenulover.org,,"Lifestyle/Culture, Food",$26,LinkforgeIT
estimefortune.fr,,"Entertainment, Finance/Insurance, Lifestyle/Culture",$112,contact@estimefortune.fr
newsantaana.com,,Lifestyle/Culture,$17,boxing77@aol.com
jakarta.times.co.id,,"Lifestyle/Culture, Outdoors",$67,
traditionalanimation.com,,Art/Science,$32,les@traditionalanimation.com
plaintextconverter.com,,"Business, Tech",$60,info@plaintextconverter.com
medanposonline.com,,"Beauty/Fashion, Travel",$66,
routerfreak.com,,Tech,$64,info@routerfreak.com
kumu.io,,"Business, Tech",$22,support@kumu.io
sapnemein.com,,"Business, Beauty/Fashion",$28,BacklinkExplore
spcawake.org,,"Outdoors, Environment, Pet",$17,lkroll@spcawake.org
fourfivetech.com,,"Outdoors, Environment, Pet, Art/Science, Tech",$20,
consejosandroid.mx,,Tech,$82,silviathomphson@gmail.com
adrln.com,,"Lifestyle/Culture, Entertainment, Sports",$66,mary.howell@adrln.com
goinsan.com,,"Business, Tech",$45,
alwihdainfo.com,,Health,$149,adrokayeyassi@yahoo.com
texaspepperjelly.com,,"Business, Lifestyle/Culture, Entertainment",$37,sales@texaspepperjelly.com
levelupgamesatl.com,,Sports,$16,info@levelupgamesatl.com
onecity.co.in,,"Business, Tech, Home/Real Estate",$57,contact@mmbconsultants.com
gmauthority.com,,Tech,$17,gmauthority@motrolix.com
whatagrouplinks.com,,Education,$28,
qatarvisacheckonlineqa.com,,"Business, Health, Travel",$27,drug@moi.gov.qa
pando.life,,"Sports, Travel",$22,info@pando.life
spotfund.com,,"Business, Finance/Insurance",$17,feedback@spotfund.com
redeepseek.com,,"Business, Tech, Seo/Marketing",$16,
photosmine.in,,"Beauty/Fashion, Health, Tech",$30,
globeinsightblog.com,,"Finance/Insurance, Law, Sports",$60,
aniversify.com,,"Beauty/Fashion, Health, Tech",$26,sales@business.net
officialgamerules.org,,"Education, Entertainment",$22,info@officialgamerules.org
riviantrackr.com,,"Tech, Sports",$17,jose@riviantrackr.com
maps.engadin.ch,,"Outdoors, Sports",$32,marina.schneider@engadin.ch
shortcutmagazine.com,,"Tech, Lifestyle/Culture",$16,
menuofnandos.uk,,"Business, Food",$25,
betterthiscosmos.org,,Art/Science,$24,
negociosnow.com,,"Business, Finance/Insurance, Sports",$66,mperez@negociosnow.com
denzadnem.com.ua,,"Business, Finance/Insurance, Sports",$39,
thecryptobasic.com,,"Business, Finance/Insurance",$149,ken@asiatokenfund.com
radomsko24.pl,,Business,$37,wojciech.bojdo@radomsko24.pl
eshikshakosh.in,,"Education, Tech",$26,
sgrestaurantmenu.org,,"Lifestyle/Culture, Food",$34,
infoohub.net,,"Entertainment, Tech",$20,
technarex.com,,"Art/Science, Business, Tech",$20,
aurodigo.com,,"Entertainment, Lifestyle/Culture, Generic, Tech",$33,
gimkit.com,,"Finance/Insurance, Tech, Lifestyle/Culture, Entertainment",$28,jeff@gimkit.com
tmsimreg.ph,,Tech,$27,
flixist.com,,Sports,$22,sian@flixist.com
arctictrucks.com,,"Travel, Sports",$32,info@arctictrucks.com
backinsights.com,,Business,$26,
diabetesincontrol.com,,Health,$17,sales@EHSmail.com
spotterup.com,,Lifestyle/Culture,$17,mike@spotterup.com
touren-schwarzwald.info,,"Entertainment, Travel",$32,
cantonparadise.com,,"Food, Lifestyle/Culture",$30,
julian-alps.com,,"Sports, Travel",$32,explore@julian-alps.com
husbandsinfoz.com,,"Business, Tech",$25,
drmonojog.com,,"Finance/Insurance, Lifestyle/Culture, Home/Real Estate",$27,BacklinkExplore
feestech.com,,"Business, Tech",$20,
howblogs.com,,"Business, Tech, Lifestyle/Culture",$20,
redbrick.me,,"Lifestyle/Culture, Sports",$17,developer@redbrick.me
beatlesbible.com,,Lifestyle/Culture,$15,peterhicks@mac.com
ukrainaincognita.com,,Travel,$27,oggdd@ukr.net
thenational.com.pg,,"Business, Sports",$17,
anallievent.com,,"Food, Lifestyle/Culture",$17,anallievent@gmail.com
mcdonalds-menus.ca,,"Business, Food",$27,
amg-news.com,,,$17,lissettevaldes-valle@miamisao.com
everything-pr.com,,"Business, Tech",$17,janet.kitui@normandale.edu
managementmania.com,,"Business, Tech",$17,buyrealcurrencyonline@gmail.com
pathsinc.org,,"Business, Finance/Insurance, Health",$39,btubbs@pathsinc.org
businessjournalgroup.com,,"Business, Tech, Lifestyle/Culture",$20,
realglobal.co.uk,,"Lifestyle/Culture, Sports",$25,
educationhq.com,,"Education, Tech",$75,news@educationhq.com
texaschickenmenu.com,,"Business, Food",$25,
hydrogenexec.com,,Entertainment,$17,
mathewdds.com,,"Business, Health, Tech",$37,
poetryvalley.com,,"Entertainment, Lifestyle/Culture, Generic, Sports",$21,
giphy.com,,"Lifestyle/Culture, Tech",$22,samantha@giphy.com
livestockconservancy.org,,"Outdoors, Environment, Pet, Sports",$17,jray@livestockconservancy.org
unsealed4x4.com.au,,Travel,$17,editorial@unsealed4x4.com.au
downloadmorerampro.com,,Tech,$20,submit@downloadmoreram.com
cliffsliving.com,,"Outdoors, Home/Real Estate",$17,info@cliffsliving.com
newspaperpages.com,,"Business, Health, Lifestyle/Culture",$20,
mangaloretoday.com,,Lifestyle/Culture,$22,info@mangaloretoday.com
focusnewsnetwork.com,,"Business, Law",$20,
4fund.com,,"Art/Science, Finance/Insurance",$16,tomek@4fund.com
avgeekery.com,,"Lifestyle/Culture, Sports",$45,reaper9020@aol.com
loriwhitlock.com,,,$17,info@loriwhitlock.com
simvic.co.uk,,"Business, Environment",$32,
robservatory.com,,"Business, Beauty/Fashion, Health",$16,ismh@eworld.social
givepulse.com,,Business,$16,brian@givepulse.com
wendyslunchhour.org,,"Business, Food",$17,
pdfhost.io,,Tech,$22,cicciodigennaro@yahoo.it
catfriendly.com,,"Outdoors, Environment, Pet, Health",$17,info@catvets.com
shayarivibe.com,,Tech,$22,techultimate08@gmail.com
trufflenation.com,,"Education, Food",$17,karan@trufflenation.com
mainstreetroi.com,,"Business, Food, Seo/Marketing",$17,riley.mclaughlin@mainstreetroi.com
asisnews.com,,"Business, Tech, Lifestyle/Culture",$16,
findmagazine.co.uk,,"Entertainment, Tech, Lifestyle/Culture",$20,contact.findmagazine@gmail.com
tripadvisor.com,,"Art/Science, Home/Real Estate, Travel",$119,kreynolds+lhubbard@tripadvisor.com
eksisozluk.com,,"Lifestyle/Culture, Sports",$97,reklam@eksisozluk.com
tripadvisor.co.uk,,"Entertainment, Lifestyle/Culture, Generic, Travel",$60,sales2@yourvietnamtravel.com
freeconvert.com,,Tech,$149,
lonelyplanet.com,,"Entertainment, Lifestyle/Culture, Generic, Food, Travel",$60,melissa.yeager@lonelyplanet.com
viator.com,,"Entertainment, Travel",$45,cseu@viator.com
seaart.ai,,"Tech, Seo/Marketing",$28,legal@seaart.ai
nextdoor.com,,Business,$43,subpoenas@nextdoor.com
best-hashtags.com,,"Outdoors, Environment, Pet, Tech",$45,
italia.it,,"Lifestyle/Culture, Travel",$37,info@italia.it
princess.com,,"Travel, Sports",$75,princess@buyatab.com
savetube.me,,Tech,$149,admin@savetube.me
backlinko.com,,"Finance/Insurance, Tech",$134,brian@backlinko.com
printables.com,,"Tech, Travel",$148,complaint@printables.com
oecd.org,,Law,$90,mia.drazilova@oecd.org
purple.com,,"Health, Tech",$149,jeff@purple.com
shayariyan.com,,Lifestyle/Culture,$49,
guitarworld.com,,"Lifestyle/Culture, Entertainment",$66,michael.astley-brown@futurenet.com
spotmedia.ro,,"Business, Lifestyle/Culture",$149,irina.olteanu@spotmedia.ro
travel-europe.europa.eu,,"Finance/Insurance, Tech",$37,ela@europa.eu
echodnia.eu,,"Tech, Outdoors",$97,kos@echodnia.eu
tellows.de,,"Business, Tech",$149,chris@tellows.de
bhaskarhindi.com,,,$135,contact@bhaskarhindi.com
offers.com,,Tech,$149,press@offers.com
yen.com.gh,,"Lifestyle/Culture, Beauty/Fashion",$149,info@yen.com.gh
feelgoodcontacts.com,,"Beauty/Fashion, Health",$67,press@feelgoodcontacts.com
englishan.com,,"Education, Tech",$30,contact@englishan.com
onxmaps.com,,"Tech, Outdoors, Travel",$75,paul.ronto@onxmaps.com
cinqueterre.eu.com,,"Tech, Travel",$90,
duomo.firenze.it,,"Lifestyle/Culture, Travel",$45,l.rossi@duomo.firenze.it
writersdigest.com,,"Lifestyle/Culture, Education",$119,jdillon@aimmedia.com
mardinlife.com,,"Business, Sports",$97,
zoetis.com,,"Outdoors, Environment, Pet, Health, Tech",$142,luke.dalton@zoetis.com
metal-archives.com,,Finance/Insurance,$22,lutharoband@gmail.com
todocanada.ca,,Tech,$52,report@todocanada.ca
english-shayari.com,,"Lifestyle/Culture, Entertainment",$30,
jakarta.suaramerdeka.com,,"Tech, Lifestyle/Culture, Sports",$104,rep@suaramerdeka.com
roughtrade.com,,"Lifestyle/Culture, Entertainment",$82,curt@roughtrade.com
claritycheck.com,,Finance/Insurance,$60,escalations-management@claritycheck.com
etias.com,,"Art/Science, Travel",$60,
sardegnaturismo.it,,"Entertainment, Lifestyle/Culture, Generic, Sports, Travel",$104,giovanni.rombi@gmail.com
lunchtimeresult.com,,Tech,$149,
theuploadarticle.com.au,,"Business, Tech, Seo/Marketing",$28,
apnee-tv.com,,"Lifestyle/Culture, Entertainment",$35,info@apnee-tv.com
walksofitaly.com,,Travel,$104,
gonevis.com,,Tech,$52,hello@savandbros.com
autofun.co.id,,"Tech, Lifestyle/Culture",$142,careers@wapcar.com
pratidintime.com,,Lifestyle/Culture,$75,dsoumyadeep52@gmail.com
bernardmarr.com,,"Business, Tech",$32,hello@bernardmarr.com
irishcentral.com,,"Food, Travel",$149,editors@irishcentral.com
visitbergamo.net,,"Beauty/Fashion, Travel",$45,christophe.sanchez@visitbergamo.net
seventhway.net,,Education,$25,
texthelp.com,,"Business, Education",$134,d.thomson@texthelp.com
felsefe.gen.tr,,"Lifestyle/Culture, Entertainment, Art/Science",$148,
sportshike.co.uk,,Sports,$100,sportshike.outreach@gmail.com
reaperscans.co.in,,"Entertainment, Lifestyle/Culture, Generic",$60,W3 Web Rank
pakmcqs.com,,"Business, Education",$75,muhammadnomi5@gmail.com
hindudevotionalblog.com,,,$60,anantaprasad.panda@gmail.com
calmclinic.com,,"Art/Science, Health, Parenting, Home/Real Estate",$90,
.trendyhiphop.com,,"Lifestyle/Culture, Entertainment",$126,
fabriclore.com,,"Business, Beauty/Fashion",$149,sales@fabriclore.com
warriortrading.com,,"Business, Finance/Insurance, Art/Science",$110,ross@warriortrading.com
flourish.studio,,"Education, Tech, Seo/Marketing",$40,dsa-single-point-of-contact-users@flourish.studio
bioofy.net,,"Entertainment, Tech",$20,contact@balancedbodieswellness.com
jsoncompareonline.com,,Tech,$20,
neuroflash.com,,"Art/Science, Business, Tech",$35,webmaster@neuroflash.com
tamilprint.co.in,,"Lifestyle/Culture, Entertainment",$37,contact@tamilprint.co.in
murianews.com,,Lifestyle/Culture,$148,
carryology.com,,"Beauty/Fashion, Sports",$22,david@carryology.com
youngurbanproject.com,,"Business, Education, Seo/Marketing",$90,hello@youngurbanproject.com
sassagrantcheck.co.za,,Finance/Insurance,$149,
wanderlustmagazine.com,,Travel,$104,david.read@wanderlustmagazine.com
touristitaly.com,,Travel,$45,info@touristitaly.com
analytify.io,,"Business, Tech",$149,editor@analytify.io
dlastudenta.pl,,"Outdoors, Sports",$133,krzysztof.zatycki@dlastudenta.pl
fylehq.com,,"Business, Finance/Insurance",$17,vikram.pothnis@fylehq.com
kilat.com,,Lifestyle/Culture,$119,info@kilat.com
secretfoodtours.com,,"Food, Travel",$134,naples@secrettours.com
teckjb.net.in,,"Business, Tech",$45,
thinkofgamess.com,,"Education, Sports",$30,
cari.com.my,,"Business, Lifestyle/Culture, Health",$134,liew@cari.com.my
visititaly.eu,,"Entertainment, Lifestyle/Culture, Generic, Travel",$104,r.santopietro@visititaly.eu
diplomaframe.com,,Tech,$149,brynn@diplomaframe.com
naasongsmix.com,,"Lifestyle/Culture, Entertainment",$90,
business.reddit.com,,"Business, Seo/Marketing",$149,federico_rosellini@reddit.com
xtiles.app,,Finance/Insurance,$22,support@xtiles.app
sinknews.com,,"Business, Tech, Lifestyle/Culture",$25,adminsinknews@gmial.com
thedreamshake.com,,"Business, Sports",$67,joshuabroom2014@yahoo.com
ujudebug.com,,"Business, Tech",$79,careers@ujudebug.com
romagnasport.com,,Sports,$143,redazione@romagnasport.com
kmu.edu.pk,,"Outdoors, Environment, Pet, Education, Art/Science",$45,shahabuddin.ipmr@kmu.edu.pk
darshantiming.com,,"Business, Tech, Travel",$31,
writecream.com,,"Art/Science, Tech",$29,support@writecream.com
shayari2u.com,,"Tech, Sports",$45,contact@shayari2u.com
wisememoryoptimizer.com,,Tech,$20,
inshotproo.com,,Tech,$22,admin@inshotproo.com
enterthebible.org,,"Entertainment, Lifestyle/Culture, Generic",$37,enterthebible@luthersem.edu
badmashshayari.com,,Lifestyle/Culture,$17,
whitepress.com,,"Lifestyle/Culture, Seo/Marketing",$127,meryem.yilmaz@whitepress.com
laparadadigital.com,,,$130,minaca.mia@gmail.com
armstrongmywire.com,,"Business, Tech",$52,
simscommunity.info,,Entertainment,$127,contactsimscommunity@gmail.com
catchhealthplan.com,,"Finance/Insurance, Health, Tech",$25,
windowsterminal.com,,Tech,$20,
okhatrimaaza.com,,,$22,contact@okhatrimaaza.com
podkarpacielive.pl,,Sports,$113,sklep@grawer-ostrow.pl
expressbydgoski.pl,,"Lifestyle/Culture, Travel",$130,alicja.polewska@polskapress.pl
gk24.pl,,"Lifestyle/Culture, Travel",$130,michal.borkowski@gk24.pl
gazetalubuska.pl,,"Lifestyle/Culture, Travel",$130,ssoczewa@gazetalubuska.pl
gs24.pl,,"Lifestyle/Culture, Travel",$130,plebiscyt@gs24.pl
dzienniklodzki.pl,,"Lifestyle/Culture, Travel",$130,m.witkowska@dzienniklodzki.pl
dziennikzachodni.pl,,"Lifestyle/Culture, Travel",$130,plus@dziennikzachodni.pl
expressilustrowany.pl,,,$130,plus@expressilustrowany.pl
gloswielkopolski.pl,,"Lifestyle/Culture, Travel",$130,plus@gloswielkopolski.pl
poranny.pl,,,$130,redakcja@poranny.pl
kurierlubelski.pl,Generic,Sports,$130,redakcja@kurierlubelski.pl
dziennikbaltycki.pl,Generic,Sports,$130,plus@dziennikbaltycki.pl
gol24.pl,,"Health, Sports",$140,redakcja@gol24.pl
dziennikpolski24.pl,Generic,Sports,$130,wojciech.cekiera@polskapress.pl
sarkariexam.com,,"Tech, Education, Art/Science",$150,info@sarkariexam.com
gazetakrakowska.pl,,"Lifestyle/Culture, Travel",$130,piotr.tymczak@polskapress.pl
philboxing.com,Sports,Sports,$150,costa@notifight.com
ouniversodatv.com,,Entertainment,$70,contato@ouniversodatv.com
squaringthenet.org,Tech,Tech,$68,PostPublishing
pixlogy.in,Casino/Gambling,Casino/Gambling,$60,
shayaripadho.com,,Sports,$60,
shayarienglish4u.com,,Sports,$60,
luxurytrailsofindia.com,,Travel,$17,
lavozdemedinadigital.com,,,$150,argimira.medina@yahoo.es
calmeats.com,Food,Food,$53,
buildmyplays.com,,Seo/Marketing,$150,support@buildmyplays.com
uniideaz.com,Entertainment,"Art/Science, Entertainment",$45,
newzdp.com,News,News,$45,
magazinehubz.com,Entertainment,"Art/Science, Entertainment",$45,
notion4teachers.com,Education,Education,$45,milo@notion4teachers.com
pokibowl.com,Food,Food,$75,info@pokibowl.com
rewild.org,Outdoors,Outdoors,$138,chutchison@rewild.org
effe.it,,,$138,rod.featon@effegibi.it
filmfestivalcircuit.com,,"Art/Science, Entertainment",$150,mikel.fair@filmfestivalcircuit.com
nunify.com,,,$138,bill.kingman@mill.com
promptcloud.com,Tech,Tech,$98,biz@promptcloud.com
angelorum.co,,,$119,lisa@angelorum.co
cancercarenews.com,Health,"Fitness, Health",$130,jennie@sandyovarian.org
presscleaners.com,,Business,$95,scholarships@presscleaners.com
en.nogomania.com,Sports,Sports,$150,danijel.matijasko@nogomania.com
kentplasterers.co.uk,Generic,"Outdoors, Environment, Home/Real Estate",$45,
healthray.com,Tech,"Fitness, Health",$34,contact@healthray.com
ourplantbasedworld.com,Food,Food,$117,thrivebkkgservices@gmail.com
uniacco.com,Travel,Travel,$104,stayvmc@dwellstudent.com.au
bitpinas.com,Generic,"Crypto, Finance/Insurance",$130,internship@bitshareslabs.com
aveeplayertemplate.com,,Sports,$60,
maxblizz.com,,"Art/Science, Entertainment",$141,admin@maxblizz.com
usjapanfam.com,Parenting,Parenting,$26,frommommytomommypreneur@gmail.com
jeecart.com,,"Environment, Business",$150,jeecartofficial@gmail.com
roadiscalling.com,Travel,Travel,$138,tramkafe@ukr.net
thenigerialawyer.com,Generic,"Law, Sports, Business",$104,peaceful_ugo@yahoo.co.uk
wisp.blog,,Tech,$150,raymond@wisp.blog
b2w.tv,Tech,"Art/Science, Entertainment",$150,akriti.sinha@b2w.tv
excelforum.com,Tech,Tech,$150,rajeevk021@gmail.com
northamerican-outdoorsman.com,Outdoors,"Generic, Outdoors",$150,jaybryanthunter@gmail.com
dignited.com,Tech,"Finance/Insurance, Social Media, Tech",$91,editorial@dignited.com
mojoauth.com,,Seo/Marketing,$130,tejas.agarwal@mojoauth.com
ssojet.com,,Seo/Marketing,$130,deeloper@ssojet.com
financemostly.com,,Finance/Insurance,$60,sharmaakash08463@gmail.com
zumvu.com,,Seo/Marketing,$75,praveen@zumvu.com
financely-group.com,,Business,$85,press@financely-group.com
channelwill.com,,"Environment, Business",$130,bo.liu@channelwill.com
cioinsights.com,,Business,$26,john@cioinsights.com
spieltimes.io,,"Art/Science, Entertainment",$75,info@spieltimes.io
apphitv.com,,,$34,
feetdotravel.com,,,$86,kristina@maptrotting.com
quarule.com,,,$150,admin@quarule.com
wikilifeng.com,,Seo/Marketing,$17,
worldwar1centennial.org,,"Art/Science, Entertainment",$63,daniel.dayton@worldwar1centennial.org
dive-the-world.com,,Travel,$98,gavin@dive-the-world.com
askdaman.com,,Seo/Marketing,$81,mail@askdaman.com
wisconsinmommy.com,,Beauty/Fashion,$91,wisconsinmommyblogger@yahoo.com
xptmagazine.com,,"Art/Science, Entertainment",$68,xptomagfficial@gmail.com
trackmasti.com,Generic,"Beauty/Fashion, Lifestyle/Culture",$60,LinkforgeIT
tymofff.com,Generic,"Business, Education, Lifestyle/Culture",$45,
projetodemae.com,,Parenting,$70,projetodemae@evte.net
zaragoza-ciudad.com,"Travel, Generic","Lifestyle/Culture, Business, Beauty/Fashion",$75,editor@zaragoza-ciudad.com
primehealers.com,,"Fitness, Health",$104,info@primehealers.com
gamificationsummit.net,Generic,"Business, Tech, Gaming",$45,
brafton.com.au,SEO/Marketing,SEO/Marketing,$138,
apptunix.com,Tech,Tech,$75,manpreetkaur@apptunix.com
intermusica.com,Entertainment,"Art/Science, Entertainment",$130,bemmerson@intermusica.com
tickikids.com,Generic,"Lifestyle/Culture, Parenting",$140,meera@tickikids.com
askfullform.com,Generic,"Business, Tech, Finance/Insurance",$17,info@askfullform.com
lifeunexpected.co.uk,Generic,"Parenting, Travel, Food, Health, Beauty/Fashion",$130,
booksonlinepdf.com,,Generic,$60,
biglanguage.com,,Generic,$130,compliance@biglangauge.com
forum.eset.com,Tech,Tech,$0,geoffrey.shaw@eset.com
exposure.co,Art/Science,Art/Science,$90,hello@exposure.co
journals.innovareacademics.in,Health,Health,$117,ijas@innovareacademics.in
igbestcaptions.com,Social Media,Social Media,$99,steve@igbestcaptions.com
quwa.org,,Tech,$150,contact@quwa.org
ehallpass.info,Tech,Tech,$105,ehallpass.info@gmail.com
whatutalkingboutwillistyle.com,Generic,"Parenting, Home/Real Estate, Lifestyle/Culture, Travel",$102,
internationalquranacademy.com,,Lifestyle/Culture,$90,info@internationalquranacademy.com
attitude-yari.com,,Lifestyle/Culture,$90,info@attitude-yari.com
whatsgoodtodo.com,Generic,Beauty/Fashion,$108,info@whatsgoodtodo.com
craigscottcapital.eu,,Business,$90,
bookgeeks.in,,,$135,
oneminddharma.com,Religion,Religion,$150,matthew@oneminddharma.com
techpar.co.uk,Tech,Tech,$60,
backpackerjakarta.com,,Travel,$54,info@backpackerjakarta.com
waivio.com,,,$47,n@waivio.com
brainyriddle.co.uk,,Generic,$40,
thesouthernafricantimes.com,,,$88,
globesimreg.com,,Tech,$50,Growmore Gaze
audiobookcalculator.us,,Generic,$40,
jobinterviewat.com,,Business,$98,
amorazz.com,,Relationships,$40,
pushyourdesign.org,,"Environment, Home/Real Estate",$115,
tseacoets.org,,"Environment, Home/Real Estate",$88,
neillautobody.com,,,$150,
thesquaremagazine.com,,Lifestyle/Culture,$120,
inbizpress.com,Generic,"Business, Money Making/Investing, SEO/Marketing",$134,
eurogameronline.com,,Gaming,$134,
howlonguntil.io,Tech,Tech,$69,
luxuryinteriorsorg.org,,Generic,$48,
pokemonelectronmagazine.com,Home/Real Estate,"Environment, Home/Real Estate",$134,
latestnewsmygreenbucksnet.com,Home/Real Estate,"Environment, Home/Real Estate",$117,
homehearted.net,,"Environment, Home/Real Estate",$117,
designmode24com.com,Home/Real Estate,"Environment, Home/Real Estate",$117,
blessingsunshines.com,Generic,"Health, Law, Home/Real Estate, Tech, Finance/Insurance, Beauty/Fashion, Business, Education, Automotive, Travel",$69,
animeshow.io,Generic,"Entertainment, Beauty/Fashion, Business, Health, Gaming, Tech",$81,support@extremebacklink.com
maksatbilgi.com,Generic,"Art/Science, Entertainment, Lifestyle/Culture",$77,
jiorockers.com.in,Generic,"Art/Science, Entertainment, Lifestyle/Culture",$45,
innovationsoftheworld.com,Business,Business,$188,
businessparkzone.com,Business,"Finance/Insurance, Home/Real Estate, Tech",$40,
mt-trees.co.uk,Business,"Business, Tech",$104,
ncvtitiresult.com,Education,Education,$68,linksmission@gmail.com
britmums.com,Generic,"Travel, Food, Health, Beauty/Fashion, Parenting",$188,
iasexamportal.com,Generic,"Education, Parenting",$200,
bommestudio.com,Beauty/Fashion,"Beauty/Fashion, Lifestyle/Culture",$182,
madiraprice.com,Food,"Food, Food & Drinks",$45,
suziethefoodie.com,Food,Food,$150,
myconsciouseating.com,Food,Food,$170,
shayaristans.com,Casino/Gambling,Sports Betting,$45,
crystaldiskmark.org,Tech,,$34,
digitalnewsreports.com,,Generic,$34,
techlawnews.com,,Generic,$34,
meganews.mx,,,$189,
londonwebcam.co.uk,,,$191,
englishshayarihub.in,Tech,Tech,$34,
teamsmoniker.com,,Sports,$34,
icdst.org,Art/Science,Art/Science,$173,
mytefl.com,Education,"Travel, Education",$150,
sarkariyojnaa.com,Generic,"Travel, Tech, Sports, Finance/Insurance, Gaming",$130,
ipscell.com,,"Outdoors, Food, Environment, Entertainment, Lifestyle/Culture, Generic, Business",$48,
touchmath.com,Education,Education,$48,
drivehud.com,Casino/Gambling,Casino/Gambling,$53,
clearnews.co.uk,Generic,"Lifestyle/Culture, Business, Tech",$59,
enterprisepeak.co.uk,Generic,"Business, Entertainment, Beauty/Fashion, Gaming, Tech",$63,
tillerdigital.com,Business,Business,$87,
crewdisquantified.org,Generic,"Art/Science, Business, Finance/Insurance, Money Making/Investing, Tech",$94,
succespronos.co.uk,Generic,"Business, Home/Real Estate, Health, Lifestyle/Culture, Tech",$100,Brody Media Agency
mozydash.com,,Casino/Gambling,$101,
genshinleaks.co.uk,Generic,"Beauty/Fashion, Business, Automotive, Entertainment, Crypto, Finance/Insurance, Gaming, Law, Pet, Tech, Travel",$104,
cozovmoni.co.uk,Generic,"Business, Health, Home/Real Estate, Lifestyle/Culture, Tech",$109,Brody Media Agency
tabletwritings.co.uk,Generic,"Business, Tech, Health, Home/Real Estate, Lifestyle/Culture",$109,Brody Media Agency
thebusinessfinds.com,Generic,"Business, Finance/Insurance, Tech, SEO/Marketing",$114,
leightworks.com,Beauty/Fashion,Beauty/Fashion,$117,
ipoasis.com,,"Business, Tech",$118,
starbucksmenue.com,Generic,"Tech, Home/Real Estate, Law, Lifestyle/Culture, Health, Beauty/Fashion, Education, Business, Automotive, Travel",$120,BacklinkExplore
scookievent.com,Generic,"Tech, Home/Real Estate, Gaming",$124,
totalpointer.com,Health,"Outdoors, Environment, Pet, Art/Science, Health",$124,info@totalpointer.com
londonlifemagazine.co.uk,Generic,"Lifestyle/Culture, Education, Tech, Travel, Business, Entertainment",$131,LinkforgeIT
markletic.com,SEO/Marketing,"Tech, Seo/Marketing",$133,
prizmatem.co.uk,Generic,"Business, Health, Tech",$137,
vappingo.com,Generic,"Business, Education",$141,
ustylemagazine.com,Generic,"Entertainment, Beauty/Fashion, Lifestyle/Culture",$143,Growmore Gaze
dippermagazine.co.uk,Generic,"Business, Entertainment, Crypto, Beauty/Fashion, Health, Lifestyle/Culture, Tech",$146,
moviamedia.com,SEO/Marketing,"SEO/Marketing, Advertising",$147,
tenngrand.com,Sports,Sports,$152,
nobserver.com,Generic,"Business, Beauty/Fashion, Home/Real Estate, Law, Lifestyle/Culture, Health, Travel",$153,
techoelitecom.com,Generic,"Business, Education, Beauty/Fashion, Home/Real Estate, Law, Sports, Tech",$182,Brody Media Agency
appsychology.com,Generic,"Health, Parenting, Home/Real Estate",$184,
upbusinessjournal.com,Business,"Business, SEO/Marketing, Finance/Insurance",$185,
nutriavenue.com,Health,"Food, Health, Lifestyle/Culture",$215,
art-sheep.com,Generic,"Art/Science, Lifestyle/Culture, Entertainment",$218,
oneninedesign.net,SEO/Marketing,"Art/Science, Business, Tech",$273,
citygirlnetwork.com,Generic,"Lifestyle/Culture, Entertainment, Business",$308,
totalguidetobath.com,Generic,"Automotive, Travel, Food",$342,
clickliverpool.com,,"Business, Sports, Travel",$345,
accountsbalance.com,Business,"Business, Finance/Insurance, Tech",$365,
forums.delphiforums.com,,,,
passwordreset.microsoftonline.com,,,,
archive.org,Generic,,$5,
patreon.com,,,,
cheerplex.net,Sports,"Generic, Sports",,W3 Web Rank